<beans xmlns="http://www.springframework.org/schema/beans"
       xmlns:xsi="http://www.w3.org/2001/XMLSchema-instance"
       xmlns:context="http://www.springframework.org/schema/context"
       xmlns:aop="http://www.springframework.org/schema/aop"
       xsi:schemaLocation="http://www.springframework.org/schema/beans
        http://www.springframework.org/schema/beans/spring-beans-4.2.xsd
        http://www.springframework.org/schema/context
        http://www.springframework.org/schema/context/spring-context-4.2.xsd
         http://www.springframework.org/schema/aop 
    http://www.springframework.org/schema/aop/spring-aop-4.2.xsd ">
        

<!--  the execution of any public method: execution (public * *(..)) -->
<!--  the execution of any method with a name beginning with "set": execution (* set*(..)) -->
<!-- the execution of any method defined by the AccountService interface: execution(* com.xyz.service.AccountService.*(..))-->
<!-- the execution of any method defined in the service package: execution(* com.xyz.service.*.*(..)) -->


   
	   
         
         <bean id="obj1"
	   class="check.X"/>
	   
	     <bean id="obj2"
	   class="check.Y"/>
	   
	     <bean id="ao"
	   class="check.LogA"/>
	   
	   
	   
	   
	   
                
	   
	   
	   
	   
	<aop:config>
     <aop:aspect ref="ao"><!-- - in which class we have lines to tell what should be done before execution.
     or after execution or during throws  -->
     
	<aop:pointcut id="xyz" expression="execution(* freak*())"/>
	

	
	<aop:before pointcut-ref="xyz" method="wc"/>
	<aop:after pointcut-ref="xyz" method="cc"/>
	
	 <!-- 
	

	<aop:after-returning pointcut-ref="xyz" method="afterreturnsayHello"/>
     -->
     
     
     </aop:aspect>
   </aop:config>
   
   
   
   
   
   
   
   

         
</beans>





